texto,classe
Bancos defendem PIX e dizem que governo dos EUA tem informações incompletas sobre sistema,fato
Ministro da Fazenda diz que família Bolsonaro fez 'movimento' contra o PIX e que governo vai proteger ferramenta,fato
Pix na mira dos EUA: por que sistema incomoda Trump?,fato
BC favorece o PIX? Entenda por que o sistema de pagamento está na mira de Trump,fato
Pix ameaçado? O que é investigação do governo Trump sobre práticas comerciais no Brasil,fato
"PIX, etanol e STF: entenda as críticas dos EUA para justificar a tarifa de 25% sobre produtos brasileiros",fato
Por que o PIX está na mira de Trump?,fato
Por que o PIX virou alvo de Trump em investigação comercial contra o Brasil,fato
PIX fora do ar? Clientes de bancos reclamam de instabilidade,fato
EUA concluem que Brasil tem práticas 'irrazoáveis' e propõem tarifa de 25% sobre produtos nacionais,fato
"Por que a decisão dos EUA sobre PCC e CV pode afetar PIX, bancos e empresas no Brasil",fato
Resposta de Lula à decisão dos EUA de classificar PCC e CV como terroristas deve enfatizar efeitos econômicos e risco ao PIX,fato
Durigan terá reuniões com autoridades dos EUA após classificação de PCC e CV como terroristas,fato
Golpes com álbum de figurinhas da Copa disparam e somam mais de 160 sites falsos; veja como se proteger,fato
Imposto de Renda 2026: ficou de fora da restituição? Veja como consultar a fila e saiba quem recebe primeiro,fato
Imposto de Renda 2026: Receita paga 1º lote de restituição nesta sexta; veja o calendário,fato
Alckmin classifica como 'injusta' proposta de departamento dos EUA de taxar exportações do Brasil,fato
Seção 301: entenda o mecanismo que pode abrir caminho para tarifas de 25% contra o Brasil,fato
Durigan diz que discussão para o fim da declaração anual do Imposto de Renda está 'a todo vapor' no governo,fato
Tarifa de Trump: veja quais produtos brasileiros devem ficar de fora de taxa de 25% proposta pelos EUA,fato
Quais os próximos passos e prazos da investigação comercial dos EUA contra o Brasil?,fato
Governo Trump diz que PIX cria 'desvantagem' para gigantes de cartão de crédito,fato
"Tarifas dos EUA podem ter efeito imediato apesar de prazo de negociação, diz ex-secretário de Comércio Exterior do Brasil",fato
Golpes com álbum de figurinhas da Copa 2026 disparam: saiba como não cair,fato
Novo tarifaço dos EUA é mais sério e tem potencial eleitoral,fato
Dólar fecha em queda com foco nas negociações entre EUA e Irã; Ibovespa avança,fato
"Tarifas propostas ao Brasil são 'diferenciadas', diz representante do comércio dos EUA",fato
"Tarifa de 25% dos EUA pode atingir aço, suco e máquinas; veja produtos fora da lista de isenção",fato
"Dólar opera em alta e bate R$ 5,08, de olho em novas tarifas de Trump e impasse entre EUA e Irã; Ibovespa cai",fato
Governo Trump corta parte das tarifas sobre produtos feitos de aço e alumínio,fato
Imposto de Renda 2026 chega aos últimos dias; veja documentos e erros para evitar,fato
Presidente do BC nega rivalidade entre PIX e cartões e diz que sistema ampliou uso de crédito,fato
"PIX, minerais críticos e tarifas: o que o governo Lula quer discutir com Trump na economia",fato
BC comunica vazamento de dados de 46 chaves PIX de clientes da Credifit Sociedade de Crédito,fato
"PIX chega a 3 milhões de cadastros em 8 horas, diz Banco Central",fato
"PIX registrou novo recorde na última sexta com 227,4 milhões de operações, diz Banco Central",fato
Banco Central diz que dados cadastrais do PIX de clientes do Banpará foram expostos devido a falha no sistema,fato
Golpe do 'PIX errado': bancos alertam para aumento de ocorrências; saiba como se proteger,fato
PIX e cartão de crédito: saiba a quais dados de clientes a Receita tem acesso,fato
'PIX Garantido': BC avança na modalidade que poderá ser alternativa ao cartão de crédito,fato
"Falta de pagamento de tributos por pessoas físicas e empresas não suspende uso do PIX, diz BC",fato
PIX: Febraban diz que investigação dos EUA deve-se a 'informação incompleta' sobre 'objetivos e funcionamento' do sistema,fato
Golpe do PIX: hackers contam como enganam vítimas; saiba como se proteger,fato
"PIX: BC relata vazamento de dados cadastrais de 159,6 mil clientes da Acesso Soluções de Pagamento",fato
Pix errado ou golpe? Saiba como identificar antes de devolver dinheiro,fato
"Pagamentos recorrentes entre bancos distintos deverá ser feito com PIX Automático, define BC",fato
Banco Central ironiza nas redes fake news sobre taxação do PIX e usa hit do verão: 'Descer para o BC',fato
Fez ou recebeu PIX por engano? Veja o que fazer,fato
Transações por PIX superam os R$ 60 trilhões desde a criação; uso por empresas se multiplica,fato
"Golpistas criam páginas falsas de pré-cadastro do sistema de pagamentos PIX, alerta empresa",fato
"Banco Central informa que vazamento no CNJ expôs dados cadastrais de 46,89 milhões de chaves PIX",fato
Pix do Nubank fica fora do ar,fato
PIX: cobrança de tarifas para empresas é permitida e bancos aderiram; veja quais são e quanto cobram,fato
"Jogos de loteria poderão ser pagos com PIX, diz Banco Central",fato
Receita diz que recebe movimentações de cartões de crédito e PIX com 'absoluto respeito' ao sigilo bancário,fato
PIX não tem nem nunca teve taxa; entenda como funciona o meio de pagamento,fato
"PIX: quais dados foram vazados, quais os riscos e como se proteger",fato
PIX completa 5 anos: como o sistema mudou os pagamentos e quais são os próximos desafios,fato
"PIX movimenta R$ 35,4 trilhões em 2025 e bate recorde; BC promete novidades para este ano",fato
PIX Agendado Recorrente passa a valer nesta segunda-feira; veja como funciona,fato
PIX: Quais serão as tarifas cobradas pelas transações financeiras?,fato
PIX: BC limita opções para definição de horário noturno; veja o que muda,fato
Como enviar dinheiro da Europa para o Brasil com economia?,fato
PIX começa a funcionar nesta segunda-feira; saiba tudo sobre a nova modalidade de pagamentos,fato
PIX e segurança: o que vale a pena saber antes de usar o novo método de pagamentos e transferências,fato
"Lula pede, e Caixa suspende cobrança de taxa para PIX de contas de pessoas jurídicas",fato
Por que o PIX virou alvo de Trump em investigação comercial contra o Brasil?,fato
Entenda a diferença entre sigilo bancário e o monitoramento da Receita para transações financeiras,fato
"No 1º dia de cadastro do PIX, clientes relatam dificuldade de acesso a aplicativos de bancos",fato
Dinheiro 'esquecido' em bancos: valores podem ser recebidos por PIX,fato
PIX: Banco Central comunica vazamento de dados de clientes da Cronos Instituição de Pagamento,fato
O PIX e a revolução dos pagamentos no Brasil,fato
Novembro começa com novas regras para uso do PIX e financiamento de imóveis; veja o que muda,fato
Brasileiros usam PIX como ferramenta para cantadas,fato
PIX: é preciso ser cliente de banco ou não?,fato
TCU aprova plano de auditoria para as 'emendas Pix',fato
Quando vale a pena usar o PIX Automático?,fato
"Entenda a nova lei cambial: limite maior para viagens, conta em dólar e aval para 'PIX internacional'",fato
Cadastro da 'chave PIX' pode ser feito a partir desta segunda; veja instituições financeiras já aprovadas,fato
Criminosos se passam por profissionais e aplicam golpes via PIX e cartão; entenda esquema,fato
PIX Automático: veja 9 perguntas e respostas sobre nova modalidade de pagamento,fato
Reforma tributária: Receita prepara super sistema para aprimorar cobrança de impostos e reduzir sonegação,fato
"Beneficiário poderá usar PIX para movimentar dinheiro do auxílio emergencial, diz BC",fato
PIX por aproximação: BC quer padronizar e ampliar modalidade em maio,fato
PIX vai oferecer a empreendedores crédito parecido com o consignado; entenda,fato
PIX automático: bancos devem checar informações de empresas para assegurar que são confiáveis e evitar fraudes,fato
Novas regras facilitam pagar boletos com PIX e dão largada para juro menor em mercado trilionário de antecipação de vendas a prazo,fato
"Banco Central não desistiu de regulamentar PIX Parcelado, mas não dá prazo para concluir regras",fato
Clientes reclamam de instabilidade no aplicativo da Caixa: 'PIX não funciona',fato
Imposto de Renda 2022: restituição poderá ser recebida via PIX,fato
Polêmica do PIX: Receita diz ter dados de movimentações há décadas e nega intenção de 'pegar' trabalhador informal,fato
PIX Automático: BC lança nova modalidade nesta quarta; saiba como vai funcionar,fato
"PIX, novo sistema de pagamentos desenvolvido pelo BC, vai permitir transações instantâneas; entenda",fato
BC estabelece limite de R$ 1 mil para transferências noturnas pelo PIX a fim de evitar roubos,fato
"PIX chega a 50 milhões de 'chaves' cadastradas, diz Banco Central",fato
PIX: o que o governo faz com monitoramento das transações? Que dados são enviados à Receita?,fato
PIX fora do ar? Clientes do Banco do Brasil reclamam de instabilidade nesta segunda-feira,fato
Banco Central permitirá que clientes bloqueiem abertura de chaves PIX em seu nome,fato
Lula defende Pix e diz que sistema brasileiro assusta norte-americanos,fato
Lula responsabiliza clã Bolsonaro por ataque dos EUA ao Pix e taxação,fato
Febraban rebate críticas dos EUA ao Pix e nega barreira à concorrência,fato
Alckmin: Pix é patrimônio nacional e não entra em negociação com EUA,fato
EUA atacam Pix para favorecer empresas de pagamentos estadunidenses,fato
Durigan afirma que Pix não está na mesa de negociação com EUA,fato
Lula volta a defender o Pix e fala em articulação de Flávio Bolsonaro,fato
"Classificar facções como terroristas gera risco ao Pix, diz Durigan",fato
"Brasil é quem define como combate e classifica o crime, diz Planalto",fato
Receita paga nesta sexta maior lote de restituição do IR da história,fato
Receita paga hoje (29) o 1º lote de restituição do imposto de renda,fato
Ministério detalha setores mais afetados em caso de taxação pelos EUA,fato
Especialistas analisam novas sanções dos EUA ao Brasil,fato
Classificação de facções como terroristas prejudica economia do Brasil,fato
Governo dos EUA propõe nova tarifa de 25% sobre produtos brasileiros,fato
Bancos não terão atendimento presencial no feriado de Corpus Christi,fato
Brasil rebate EUA e chama investigação comercial de ingerência,fato
Brasil vai buscar novos parceiros para dimunuir impactos comerciais,fato
Lula se reúne com Durigan para tratar de decisão dos EUA sobre facções,fato
Agência Brasil,fato
"Bancos, repartições e parte do comércio fecham no Corpus Christi",fato
"Governo cita Lei da Reciprocidade contra EUA, mas manterá diálogo",fato
Veja argumentações apresentadas em relatório para taxar Brasil,fato
Receita espera receber 44 milhões de declarações do IR até amanhã,fato
Trump contra o Pix: entenda o que pode ter motivado críticas dos EUA,fato
MEC amplia número de municípios com provas do Enem,fato
"Declaração do Imposto de Renda será automática, diz ministro",fato
Enem 2026: inscrições vão até 5 de junho,fato
"Lula sobre sanções dos EUA: ""Brasil não é republiqueta insignificante""",fato
Setor de embalagens de papel registra recorde de vendas em abril,fato
"Bancos transferem R$ 5,7 bi de valores esquecidos para o Desenrola",fato
"Bolsa sobe 1,16%, e dólar cai para R$ 5, apesar de medida dos EUA",fato
CNI vê risco para exportações com tarifa de 25% dos EUA,fato
"""Quem tinha que aumentar a taxa seríamos nós"", diz Lula sobre EUA",fato
Dois milhões de contribuintes ainda não declararam o IR,fato
Resultados de recursos do Enem 2026 já estão disponíveis,fato
Saiba como pedir reembolso de produtos Ypê suspensos pela Anvisa,fato
PF investigará ataque hacker a empresa que atende bancos,fato
"Em um mês, R$ 83,4 bilhões foram movimentados via Pix, diz BC",fato
Pix: Cobrança exige cuidados para não cair em golpes,fato
BC suspende três instituições do Pix após ataque cibernético,fato
"Pix, aluguéis e golpes: as fake news sobre o Imposto de Renda de 2026",fato
Transações com PIX vão ter valor limitado entre as 20h e as 06h,fato
Maior adesão de empresas é desafio para expansão do open finance,fato
"Mais de 3,5 milhões de chaves já foram cadastradas no Pix",fato
Pagamentos em pix,fato
Flávio Dino decide que emendas Pix sejam transparentes e rastreáveis,fato
Pix por aproximação deve entrar em operação em 2025,fato
Golpistas usam página falsa do Enem para roubar dinheiro da inscrição,fato
Polícia prende suspeito de participar de invasão hacker envolvendo Pix,fato
BB torna-se primeiro banco a oferecer iniciação de pagamentos com Pix,fato
Banese sofre falha de segurança e invasores acessam chaves Pix,fato
Anti-fake: Receita envia e-mail sobre problemas na declaração?,fato
BC iguala limite do Pix ao das transferências eletrônicas,fato
Brasileiros podem usar Pix para pagar em lojas físicas na Argentina,fato
BC aumenta combate a contas laranjas para reforçar segurança do Pix,fato
Receita alerta para golpe do falso IOF antecipado via Pix,fato
Veja como vai funcionar devolução do Pix em caso de golpe,fato
Prazo para pagar taxa de inscrição do Enem termina na quarta-feira,fato
Pedágios de rodovias federais poderão ser pagos com PIX,fato
Dino manda CGU auditar R$ 469 milhões de emendas sem plano de trabalho,fato
Pix por aproximação começa a funcionar nesta sexta-feira,fato
Mais da metade dos brasileiros já foram vítimas de fraudes digitais,fato
Banco Central comunica exposição de dados de 8 mil chaves PIX do BTG,fato
BC publicará regulação do Pix Parcelado na última semana do mês,fato
"Apostas online só poderão ser pagas por PIX, transferência ou débito",fato
Banco Central inicia testes com plataforma do real digital,fato
Governo publica MP que proíbe impostos e cobranças extras sobre Pix,fato
Entenda como funcionará a transferência de Pix por aproximação,fato
"Brasileiros usam cada vez menos dinheiro em espécie, diz BC",fato
Flávio Dino suspende repasse de emendas para nove cidades,fato
Saiba como vai funcionar o cashback da restituição automática do IR,fato
Pessoas físicas não poderão ser cobradas por uso do Pix,fato
Pix: nova regra para dificultar ações de golpistas começa a valer,fato
BC aprova obrigatoriedade de bancos ofertarem Pix por agendamento,fato
Febraban dá dicas para pagamentos em maquininhas no carnaval,fato
Pix: Procon pede explicações a Mercado Pago e NuBank sobre cadastros,fato
Pix: novas regras vão facilitar devolução de valores em casos de golpe,fato
Haddad discute com Campos Neto parcelamento de dívidas pelo Pix,fato
Funcionário que deu acesso a hackers executarem fraude é preso,fato
Dino afirma que é “dever” do Judiciário apurar as chamadas emendas Pix,fato
Anti-fake: o governo passou a cobrar IR por transações em Pix?,fato
BC comunica vazamento de dados de 238 chaves Pix,fato
"Receita cobrará dados de fintechs de forma retroativa, desde janeiro",fato
Pix: novo sistema de pagamento instantâneo entra em funcionamento,fato
Receita abre na sexta consulta a maior lote de restituição da história,fato
"Não é verdade que bancos perdem dinheiro com PIX, diz presidente do BC",fato
Entenda o golpe do Pix errado e saiba como não ser enganado,fato
Chaves Pix de 28 mil clientes da Pefisa S.A. tiveram dados vazados,fato
PIX | Radioagência Nacional,fato
Cerca de 76% de empresas do RJ utilizam o PIX para comércio,fato
Febraban: 82% das transações bancárias no país são feitas digitalmente,fato
Pix completa um ano com nova funcionalidade de devolução,fato
Banco Central regulamenta Pix Saque e Pix Troco,fato
BC comunica exposição de chaves Pix em sistema do MP de Goiás,fato
"Real digital se chamará Drex, confirma Banco Central",fato
Eu preciso declarar recebimentos em Pix de pessoas físicas?,fato
Dino dá 90 dias para estados e municípios regularizarem Emendas Pix,fato
Banco Central comunica vazamento de dados de chaves Pix da 99Pay,fato
Imposto de Renda — Receita Federal,fato
Como realizar pagamento pelo Minhas Importações dos Correios — Receita Federal,fato
Lotes de Restituição — Receita Federal,fato
Entrega — Receita Federal,fato
"Receita Federal atinge objetivos estabelecidos para o IRPF 2026, avalia secretário",fato
OBRIGATORIEDADE DE ENTREGA,fato
Manual de utilização do ReVar - Renda Variável — Receita Federal,fato
Em que conta recebo a restituição? — Receita Federal,fato
Receita Federal abre consulta ao maior lote de restituição da história nesta sexta-feira (22),fato
Documento de arrecadação do Simples Nacional já pode ser pago via Pix — Receita Federal,fato
Receita Federal alerta para novo golpe com guia falsa do Simples Nacional para pagamento via PIX,fato
DARF da Declaração Eletrônica de Bens do Viajante já pode ser pago via PIX — Receita Federal,fato
MEI e empresários do Simples Nacional já podem indicar PIX como forma de recebimento da restituição,fato
Receita Federal volta a alertar para Fake News sobre um falso monitoramento de transações realizadas via Pix,fato
Receita Federal orienta a população sobre fake news envolvendo PIX e tributação,fato
Receita Federal e Banco do Brasil iniciam arrecadação com PIX,fato
Receita Federal alerta para golpistas que oferecem falsos descontos para pagamentos de tributos via PIX,fato
Nota à Imprensa — Receita Federal,fato
Receita Federal disponibiliza emissão de Darf Numerado para tributos declarados na DCTF,fato
Posso receber por pix? — Receita Federal,fato
Receita Federal alerta: Cuidado com o “Golpe da Cobrança de Taxa sobre PIX” — Receita Federal,fato
"1. A Receita Federal, com a atualização da e-Financeira, cria uma nova taxação sobre transações realizadas via Pix a partir de 2025?",fato
Fraude Pix.png,fato
Minha chave PIX aponta para uma conta que não uso mais. Preciso retificar a declaração? — Receita Federal,fato
Posso receber por PIX? — Receita Federal,fato
Banco Central aprimora segurança do Pix — Receita Federal,fato
Dados Bancários — Receita Federal,fato
LOTES DE RESTITUIÇÃO DO IMPOSTO SOBRE A RENDA DA PESSOA FÍSISCA Classificação por Prioridade Descrição das Colunas e Dado,fato
Qual a ordem do pagamento da restituição? — Receita Federal,fato
Por que meu banco nao aparece no programa? — Receita Federal,fato
Porque não consigo colocar minha conta bancária na declaração? — Receita Federal,fato
"Consulta ao lote residual de restituição do IRPF de abril será aberta nesta quinta-feira, 23/04 — Receita Federal",fato
Receita Federal alerta para novo golpe envolvendo transações financeiras,fato
"Consulta ao lote residual de restituição do IRPF de março será aberta nesta terça-feira, 24/03 — Receita Federal",fato
Novidades 2026 — Receita Federal,fato
"Nesta sexta-feira, 22 de agosto, será aberta a consulta ao quarto lote de restituição de IRPF 2025 — Receita Federal",fato
Receita Federal disponibiliza emissão de Darf Numerado para pagamento de ITR de Imóveis Rurais identificados com CIB alfanumérico,fato
"Receita Federal abre nesta quarta-feira, 23 de abril, consulta ao lote residual de restituição do IRPF do mês de abril/2025",fato
"Nesta segunda-feira, 23 de junho, será aberta a consulta ao segundo lote de restituição de IRPF 2025",fato
Receita começa a receber declarações do IRPF no dia 23 de março; prazo de entrega se encerra em 29 de maio,fato
PER/DCOMP Web: Salário-Família e Salário-Maternidade Pessoa Física,fato
Receita Federal esclarece evolução na e-Financeira,fato
Receita Federal divulga as regras para a entrega da Declaração do Imposto de Renda da Pessoa Física 2022,fato
Receita Federal alerta sobre novo golpe de restituição do Imposto de Renda.,fato
PER/DCOMP Web: Pagamento Indevido ou a Maior Pessoa Física - Exceto Quotas de IRPF,fato
PER/DCOMP Web: Ressarcimento de PIS/Pasep e Cofins Não Cumulativos,fato
É Golpe? — Receita Federal,fato
Receita Federal alerta para novo golpe digital envolvendo falsas pendências do IRPF,fato
Novidade no Pagamento de Impostos para Viajantes: Agora é Possível Pagar com Cartão de Crédito!,fato
Untitled,fato
Receita Federal alerta para golpes em pedidos de empréstimos e IOF,fato
image002.png — Receita Federal,fato
PER/DCOMP Web: Salário-Família e Salário-Maternidade Pessoa Jurídica,fato
Receita Federal alerta: prazo para entrega da Declaração do Imposto de Renda 2025 termina em 30 de maio,fato
"Nesta terça-feira, 23 de setembro, será aberta a consulta ao quinto lote de restituição de IRPF 2025. — Receita Federal",fato
Janeiro — Receita Federal,fato
PER/DCOMP Web: Pagamento Indevido ou a Maior Pessoa Física - Quotas de IRPF,fato
Receita Federal alerta sobre sites que simulam o leilão de mercadorias apreendidas,fato
Receita começa a receber declarações do IRPF na próxima segunda-feira (17/3) e prazo vai até 30/5,fato
Receita Federal,fato
Receita Federal abre na próxima sexta-feira (23) consulta ao maior lote de restituição do Imposto de Renda da história,fato
"Consulta ao lote residual de restituição do IRPF de janeiro será aberta nesta sexta-feira, 23/01",fato
"ATO DECLARATÓRIO EXECUTIVO CODAR Nº 24, DE 18 DE SETEMBRO DE 2025",fato
"Nesta sexta-feira, 24 de outubro, será aberta a consulta ao lote residual de restituição do IRPF do mês de outubro/2025",fato
Receita Federal recebe mais de cinco milhões de declarações do Imposto de Renda,fato
Reforma Tributária do Consumo (RTC) Manual Plataforma da CBS Versão Maio/2026,fato
Restituição do IRPF beneficia milhares de brasileiros e estimula a economia — Receita Federal,fato
"Bens a Declarar, Cálculo do Imposto e Pagamento — Receita Federal",fato
PER/DCOMP Web: Contribuição Previdenciária Indevida ou a Maior Pessoa Jurídica,fato
"Consulta ao lote residual de restituição do IRPF de fevereiro será aberta nesta sexta-feira, 20/02",fato
Coletiva de Imprensa,fato
Receita Federal alerta sobre novo golpe aplicado contra prefeituras,fato
Golpes em Compras Internacionais — Receita Federal,fato
RELATÓRIO DE ATIVIDADES 2024,fato
Receita Federal disponibiliza sistema online para entrega da DITR 2025,fato
Receita Federal recebe mais de um milhão de declarações no primeiro dia de entrega do Imposto de Renda,fato
RELATÓRIO DE PESQUISA DE PREÇOS,fato
,fato
"Receita Federal abre nesta sexta-feira, 23 de agosto, consulta ao quarto lote de restituição do IRPF 2024",fato
PER/DCOMP Web: Retenção Previdenciária Pessoa Jurídica,fato
Recebi um e-mail suspeito. — Receita Federal,fato
Receita Federal e B3 anunciam ferramenta inédita para calcular imposto de renda,fato
"Se a fiscalização aduaneira me cobrou valores diferentes do que declarei, posso pagar essa cobrança com cartão de crédito?",fato
Receita Federal amplia simplificação do Imposto de Renda e prepara novas melhorias para os próximos anos,fato
PER/DCOMP Web: Contribuição Previdenciária Indevida ou a Maior Pessoa Física - Segurado da Previdência Social,fato
Estudo Técnico Preliminar 49/2022,fato
Novidades de anos anteriores — Receita Federal,fato
"Receita Federal abre nesta segunda-feira, 24 de março, consulta ao lote residual de restituição do IRPF do mês de março/2025",fato
Rendimentos no exterior no IRPF 2023: como funcionam e como declará-los — Receita Federal,fato
Elaborando Declaração Eletrônica de Bens de Viajante — Receita Federal,fato
"Receita Federal abre nesta sexta-feira, 24 de janeiro, consulta ao lote residual de restituição do IRPF do mês de janeiro/2025",fato
Estudo Técnico Preliminar 52/2024,fato
Orçamento,fato
Receita Federal do Brasil Dados do Evento: Forma de Pagamento,fato
Golpe via SMS,fato
Roteiro para pagamento do Darf - IRPF_docx,fato
Página de Autenticação,fato
Imposto de Renda 2026: quais os erros mais comuns na declaração dos MEIs,fato
"Imposto de Renda 2026: como declarar renda de MEI, autônomos e informais",fato
Imposto de Renda 2025: quando um MEI é obrigado a declarar? Entenda as regras,fato
Imposto de Renda 2025: MEI precisa declarar como pessoa física? Entenda as regras,fato
"Receita prorroga prazo, e MEIs podem regularizar dívidas até 30 de setembro",fato
"Mais de 3,7 milhões de MEIs estão inadimplentes ou inativos",fato
País ganhou quase 1 milhão de MEIs desde o início da pandemia; veja relatos,fato
"Receita Federal cancela o CNPJ de 1,37 milhão de MEIs; veja lista",fato
Tira dúvidas do IR 2021: MEI e empréstimo,fato
Guia do MEI: entenda o que acontece com quem fatura mais que o teto de R$ 81 mil por ano,fato
Comitê regulamenta teto maior de faturamento do Simples para 2018,fato
"Imposto de Renda 2024: sou MEI, como faço minha declaração?",fato
Especialista responde dúvidas sobre MEI e pensão alimentícia,fato
"Imposto de Renda 2023: sou MEI, como faço minha declaração?",fato
PME - Saiba como o dono de um negócio informal pode se tornar MEI,fato
"Imposto de Renda 2022: sou MEI, como declarar?",fato
Reforma tributária: empresas de pequeno porte devem optar até setembro entre Simples e novo regime; decisão vale para 2027,fato
Guia do MEI: veja passo a passo como formalizar seu negócio,fato
"Imposto de Renda 2025: como declarar renda obtida por 'freelas', trabalho autônomo ou informal?",fato
"Com trabalho por conta própria em nível recorde, número de MEIs ultrapassa a marca de 9 milhões",fato
Imposto de Renda 2026: MEI precisa declarar? Veja quem é obrigado,fato
Programa de parcelamento de dívidas do MEI começa nesta segunda,fato
Consultor esclarece dúvidas sobre venda de imóveis e MEI - notícias em Imposto de Renda 2015,fato
Reforma tributária: parte das empresas do Simples terá que optar por modelo novo ou antigo; entenda vantagens e desvantagens,fato
Guia do MEI: saiba como fazer a regularização e a quais benefícios tem direito,fato
Formalização de pequenas empresas: como e quando fazer,fato
MEI com CNPJ suspenso tem até terça para se regularizar e evitar cancelamento,fato
"Auxílio-reclusão: entenda o que é, quem tem direito e como pedir",fato
Caixa lança linha de crédito de R$ 1 bilhão para mulheres MEIs,fato
Imposto de Renda 2025: hoje é o último dia para declaração; 7 milhões ainda não entregaram,fato
Nova lei desobriga salão de beleza a contratar profissionais como CLT,fato
"Nova fiscalização do PIX não é feita para pegar pequeno comerciante, diz Receita Federal",fato
Brasil perdeu mais de 400 mil empresas no 1º semestre de 2023; Mdic contesta os números,fato
Polêmica do PIX: 47 milhões de trabalhadores estão na informalidade ou devendo impostos,fato
Empreendedor recicla pneus e produz caminhas para cachorros,fato
Microempreendedor transforma pneus velhos em camas para cachorros,fato
Imposto de Renda 2026: quais gastos com educação e despesas médicas posso deduzir?,fato
Consignado CLT: entenda como funciona empréstimo para trabalhadores do setor privado,fato
Empresárias faturam com a entrega de comida em casa durante a pandemia,fato
Licença-paternidade: veja quem tem direito e como pedir o benefício,fato
"Mais de 1 milhão de micro e pequenas empresas foram abertas no país em quatro meses, aponta Sebrae",fato
Frota própria ou plataforma de entregas? Veja dicas para escolher o melhor serviço para sua empresa,fato
Empresário conta sua história de superação fazendo pães artesanais orgânicos,fato
Imposto de Renda 2026: previdência privada tem novas regras de declaração; veja como fazer,fato
Imposto de Renda 2026: os erros mais comuns na declaração e como evitar a malha fina,fato
Projeto solidário de Fábio Porchat 'socorre' pequenos empresários na pandemia,fato
Quem deve ter direito e como deve funcionar o auxílio de R$ 200 para trabalhadores informais,fato
Imposto de Renda 2024: herança e IR de falecidos; g1 responde a 10 perguntas de leitores,fato
"Construtora chinesa Sunac comprará ativos da Wanda por US$ 9,3 bilhões",fato
Vendedor de pamonha ganha mais clientes durante a quarentena,fato
Pequeno empresário conquista mais clientes durante a quarentena vendendo pamonha,fato
Consultor explica sobre mais de uma fonte de renda e ganho em loteria,fato
Estou desempregado. Vou receber alguma ajuda do governo?,fato
Desenrola para empresas e novo programa de crédito: ministro Márcio França fala ao g1,fato
"Metade dos trabalhadores aponta o dinheiro como maior causa de preocupação, diz pesquisa",fato
Impressão em 3D moderniza produção de sabonetes caseiros,fato
Governo disponibiliza central de atendimento telefônico para o eSocial,fato
Saiba quando é indicado procurar um especialista para declarar o IR - notícias em Imposto de Renda 2014,fato
Plataforma oferece serviço de assistente virtual para pessoas e empresas,fato
Calculadora do g1 mostra discrepância salarial entre homens e mulheres; veja sua área de atuação,fato
Imposto de Renda 2025: 2º lote de restituição começa a ser pago nesta segunda; veja se vai receber,fato
"Brasil perde 2,8 milhões de trabalhadores com carteira em 8 anos; informalidade e conta própria crescem",fato
"PME - Taxa de empreendedorismo do Brasil é a maior do G20, diz Sebrae",fato
Regra do PIX e cartão: veja quais situações podem ser problema para a Receita Federal,fato
Planos de saúde: veja como funciona o reajuste anual e como economizar com a sua escolha,fato
Vender comida na rua é saída da crise para milhares de brasileiros,fato
PME - Cabeleireira cria lavatório portátil e hoje fatura R$ 20 mil por mês,fato
Imposto de Renda 2018: como declarar um imóvel comprado na época do cruzado novo?,fato
PME - Molho de pimenta feito por hobby se transforma em negócio rentável,fato
Imposto de Renda 2018: como corrigir um valor de imóvel declarado errado há anos?,fato
Como pegar empréstimo consignado usando FGTS como garantia,fato
"Governo anuncia Desenrola para pequenas empresas, microcrédito e ações de estímulo à casa própria",fato
Pipoqueiro faz sucesso ao vender pipoca no mesmo lugar há 45 anos,fato
"Durante pandemia, cresce número de candidatos que passam a aceitar contratação como PJ; entenda a diferença em relação à CLT",fato
Tire dúvidas sobre dedução de gastos com dependentes no IR 2013 - notícias em Imposto de Renda 2013,fato
Consignado CLT: governo espera que empréstimos com garantia do FGTS superem R$ 100 bilhões em três meses,fato
Motoristas de apps: entenda o projeto e veja argumentos a favor e contra — e qual o caminho até virar lei,fato
Banco do Brasil e Receita Federal iniciam pagamento de impostos via PIX,fato
Quem tem direito ao Auxílio Caminhoneiro?,fato
Sem proteção: só 23% dos entregadores e motoristas de app têm cobertura do INSS,fato
Imposto de Renda 2025: 4º lote de restituição começa a ser pago nesta sexta; veja se vai receber,fato
"Com recuo do governo, mais de 200 instituições financeiras continuam sem obrigação de enviar dados do PIX à Receita Federal",fato
Tire suas dúvidas sobre o auxílio emergencial de R$ 600,fato
"Impostos, tributos e contribuições: veja o que foi adiado, suspenso ou reduzido durante a pandemia",fato
Especialista tira dúvidas sobre gasto com intercâmbio e dependentes - notícias em Imposto de Renda 2016,fato
Auxílio de R$ 1 mil para caminhoneiros começa a ser pago em 9 de agosto; veja calendário,fato
Consignado CLT: qual é o valor máximo para empréstimo? Veja perguntas e respostas,fato
Empresas relatam dificuldades e despreparo na implantação do eSocial,fato
Imposto de Renda 2025: Receita começa a receber declarações pré-preenchidas nesta terça,fato
PME - Quer abrir um pequeno negócio e tem poucos recursos? Veja 6 dicas,fato
Receita Federal alerta sobre novo 'golpe do CPF'; saiba como proteger seu documento,fato
Imposto de Renda 2018: como declarar imóvel doado para os filhos?,fato
"Consultor esclarece sobre saída do país, dívidas e doações",fato
Justiça determina que Loggi reconheça vínculo trabalhista com motoboys,fato
Panificação artesanal conquista o paladar do brasileiro e se torna um bom negócio,fato
"Consignado CLT: trabalhadores fazem 29,3 milhões de simulações em dois dias de novo programa",fato
Receita Federal alerta para tentativa de golpe com falsa cobrança de taxa sobre o PIX,fato
Como funciona o Auxílio Caminhoneiro?,fato
Faça e aconteça,fato
Prazo para envio da declaração anual do MEI termina neste domingo,fato
Acaba domingo o prazo para MEI entregar declaração anual simplificada,fato
Governo avalia aumento de contratação pelo MEI com o fim da 6x1,fato
Termina domingo prazo para declaração anual do MEI; confira regras,fato
App MEI,fato
Ministro diz que governo pode criar medidas para microempreendedores,fato
Corpus Christi é feriado ou ponto facultativo? Entenda regras,fato
Rick Azevedo acredita que vitória contra 6x1 permitirá mais avanços,fato
Trabalhadores planejam mais tempo com a família com fim da 6x1,fato
Fim da jornada 6x1 opõe trabalhadores e empresários,fato
"Demanda por trabalhadores mantém mercado resiliente, avalia IBGE",fato
Desenrola para empresas já soma R$ 8 bilhões em contratações,fato
Prazo para declaração anual do MEI termina em 31 de maio,fato
"É autônomo, MEI ou CNPJ? Veja como declarar o Imposto de Renda",fato
Amazonas recebe feirão para Microempreendedor individual até dia 29,fato
Pesquisa: 84% das empresas abertas no estado do Rio de Janeiro são MEI,fato
MEIs têm até 31 de janeiro para regularizar pendências fiscais,fato
"Cerca de 8 milhões de empresas poderão usar o Desenrola, diz ministro",fato
"Quase 70% das empresas ativas no país são MEI, divulga ministério",fato
Receita alerta microempreendedor sobre erro na declaração anual,fato
Contribuição do MEI tem novo valor com alta do salário mínimo em 2024,fato
Câmara aprova aumento do limite de faturamento para Simples Nacional,fato
"Saiba como declarar ganhos como autônomo, MEI e CNPJ no IR 2026",fato
Microempreendedor fica dispensado de obter alvará de funcionamento,fato
"Ministros participam de lançamento do Cartão MEI, em Brasília",fato
Previdência: contribuição mensal do MEI terá reajuste em fevereiro,fato
MEI tem até 31 de maio para entregar declaração do Simples Nacional,fato
Desenrola Pequenos Negócios renegocia dívidas de 120 mil empresas,fato
eSocial começa a receber dados de microempreendedores individuais,fato
Microempreendedores individuais têm até dia 31 para optar pelo Simples,fato
MEI pode regularizar atraso na declaração ao Simples Nacional,fato
"Desenrola para empresas deve sair neste trimestre, diz Márcio França",fato
"Como declarar ganhos como autônomo, MEI e CNPJ no Imposto de Renda?",fato
Plataforma conecta MEI e prefeituras para contratação de serviços,fato
Banco do Brasil lança cartão exclusivo para microempreendedores,fato
"Como declarar ganhos como autônomo, MEI e CNPJ no Imposto de Renda? | Radioagência Nacional",fato
"Entenda o Programa Acredita, que pretende ampliar acesso ao crédito",fato
"Contribuição dos microempreendedores sobe de R$ 65,10 para R$ 66",fato
Ambulantes que se formalizaram como MEI crescem 45% em 2 anos,fato
Caixa e Sebrae oferecem crédito ao pequeno empresário,fato
"Governo propõe elevação de limite anual do MEI para R$ 144,9 mil",fato
Motoristas de aplicativos podem se cadastrar como microempreendedores,fato
Simples Nacional revoga exclusão de 14 profissões de lista do MEI,fato
Câmara aprova criação de MEI Caminhoneiro,fato
Mais de 60% de desligados que viraram MEI agiram por necessidade,fato
MEIs podem regularizar impostos em atraso até o dia 31,fato
Imigrantes se cadastrarão como MEI com regras simplificadas,fato
MEI poderá emitir nota fiscal de serviço no Portal do Simples Nacional,fato
Microempresas e MEI poderão acessar programa de crédito garantido,fato
Desenrola para MEI e micro e pequenas empresas começa nesta segunda,fato
"Caixa lança serviços digitais para MEI, com crédito de até R$ 10 mil",fato
Micro e pequenas empresas têm até segunda para aderir ao Simples,fato
Sebrae: pequenos negócios têm maior taxa de mortalidade,fato
Pesquisa mostra otimismo de microempreendedores individuais com 2025,fato
"Mais de 1,5 mil motoristas de aplicativos já são microempreendedores",fato
Agência Brasil explica: declaração de Imposto de Renda para MEI,fato
MEI tem até 30 de setembro pra cadastrar Domicílio Judicial Eletrônico,fato
Contrata+Brasil tem adesão de 187 instituições públicas,fato
Cresce número de ambulantes registrados como MEI em 2025,fato
"Contribuição do MEI subirá para R$ 65,10 em fevereiro",fato
Senado aprova projeto que aumenta limite de receita do MEI,fato
Pequenos negócios têm até dia 30 para renegociar dívidas com a União,fato
"Entenda as diferenças entre trabalhador informal, MEI, autônomo e CLT",fato
Prazo para aderir ao Simples Nacional termina em 31 de janeiro,fato
"Contribuição mensal do MEI sobe para R$ 81,05 em 2026",fato
Empresas e MEI têm até dia 31 para regularizar dívidas com Simples,fato
Prazo de adesão ao Desenrola Pequenos Negócios acaba nesta terça,fato
Veja como será o pagamento da 2ª parcela do auxílio emergencial,fato
MEIs têm novas regras para emissão de notas fiscais,fato
Prazo para aderir ao Simples Nacional termina neste sábado,fato
"Programa leva 2,5 milhões de inscritos no CadÚnico a se tornarem MEI",fato
Sebrae: microempreendedores individuais estão otimistas para 2026,fato
Caixa lança pacote digital para microempreendedores individuais | Radioagência Nacional,fato
Bolsonaro pede revogação de medida que excluiu atividades de MEI,fato
MEI,fato
Dispensa de alvará para microempreendedor entra em vigor em setembro,fato
"Brasil registra recorde com 4,6 milhões de pequenos negócios em 2025",fato
microempreendedor individual,fato
Motoristas autônomos têm 40% de desconto no IR; prazo vai até quarta,fato
MEI tem até esta sexta-feira prazo para entregar declaração anual,fato
Empresas e MEI podem regularizar dívidas com Simples Nacional até hoje,fato
Pequenos negócios podem renegociar dívidas com a União até esta sexta,fato
Manual reúne informações para microempreendedor individual,fato
Empresas têm até hoje para optar pelo Simples Nacional,fato
Microempreendedor individual tem até fim do mês para pagar dívidas,fato
MEIs podem contar com atendimento gratuito para regularizar dívidas,fato
Microempreendedores têm até dia 31/1 para regularizar Simples Nacional,fato
Como declarar imposto de ganhos como motorista de aplicativo?,fato
Microempreendedores individuais têm até hoje para regularizar débitos,fato
Haddad desmente fake news sobre aumento de contribuição do MEI,fato
É preciso declarar ganhos como MEI no Imposto de Renda?,fato
MEI: novas regras para emissão de notas fiscais entram em vigor | Radioagência Nacional,fato
Reforma tributária muda receita bruta de motoristas de aplicativo,fato
Pequenos negócios geram renda de R$ 420 bilhões por ano,fato
Câmara aprova programa para dívidas de micro e pequenas empresas,fato
Abertura de pequenos negócios bate recorde em 2026,fato
Mais de 620 mil micro e pequenas empresas foram abertas em 2020,fato
Pix Automático torna-se obrigatório a partir desta segunda,fato
Federação de domésticas reivindica mesmos direitos para diaristas,fato
Fale Conosco - Simples Nacional e Microempreendedor Individual (MEI) — Receita Federal,fato
Orientações para Regularização de Pendências - Simples Nacional — Receita Federal,fato
Orientações sobre o Termo de Intimação por Omissão na Entrega de Declarações — Receita Federal,fato
DTE - Simples Nacional e MEI,fato
Atendimento Online — Receita Federal,fato
e-CAC — Receita Federal,fato
Inaptidão da inscrição no CNPJ em decorrência de omissão — Receita Federal,fato
Quem é MEI está obrigado? — Receita Federal,fato
Atendimento presencial — Receita Federal,fato
Pagar impostos — Receita Federal,fato
Meu Imposto de Renda — Receita Federal,fato
Declaração Retificadora — Receita Federal,fato
Canais de Atendimento — Receita Federal,fato
Código Fiscal de Operações e de Prestações — Receita Federal,fato
DCTFWeb - Declaração de Débitos e Créditos Tributários Federais — Receita Federal,fato
Fale Conosco — Receita Federal,fato
CEP inválido (E15) — Receita Federal,fato
Manual de Habilitação no Siscomex — Receita Federal,fato
Sief Cobrança - Intimações — Receita Federal,fato
Rendimentos do Trabalho — Receita Federal,fato
Programas Geradores de Declaração (PGD) — Receita Federal,fato
NCM — Receita Federal,fato
Manual de preenchimento da declaração online — Receita Federal,fato
Notícias — Receita Federal,fato
Termina hoje (29) o prazo para enviar a Declaração do Imposto de Renda — Receita Federal,fato
Consultar restituição ou compensação,fato
Despesas dedutíveis — Receita Federal,fato
Classificação Nacional de Atividades Econômicas – CNAE — Receita Federal,fato
Processos — Receita Federal,fato
Fale Conosco - Cadastro Nacional da Pessoa Jurídica (CNPJ) — Receita Federal,fato
Regularização de Impostos — Receita Federal,fato
Tributação de 2026 — Receita Federal,fato
Como regularizar minha obra — Receita Federal,fato
CNPJ Alfanumérico — Receita Federal,fato
NFS-e de padrão nacional será obrigatória para optantes do Simples Nacional — Receita Federal,fato
Como acessar — Receita Federal,fato
ECF — Receita Federal,fato
Pessoas — Receita Federal,fato
CNPJ terá letras e números a partir de julho de 2026 — Receita Federal,fato
Manual do Carnê-Leão — Receita Federal,fato
Atendimento por E-mail — Receita Federal,fato
Baixa de Inscrição de Estabelecimento Matriz — Receita Federal,fato
Isenção para compra de carro — Receita Federal,fato
Residente e Não Residente — Receita Federal,fato
Deduções — Receita Federal,fato
Perguntas e Respostas IRPF 2024 — Receita Federal,fato
Endereço divergente (C18) — Receita Federal,fato
Meu CPF — Receita Federal,fato
Download do Programa de Imposto de Renda — Receita Federal,fato
Sintonia — Receita Federal,fato
Privacidade e Proteção de Dados — Receita Federal,fato
Pagamento — Receita Federal,fato
Consultar dívidas e pendências — Receita Federal,fato
"Na consulta consta que minha restituição foi liberada, mas não caiu na minha conta. Qual o problema?",fato
DAI - Declaração Anual de Isento — Receita Federal,fato
Defesas e Recursos — Receita Federal,fato
Isenção para portadores de moléstia grave — Receita Federal,fato
EFD-Contribuições — Receita Federal,fato
Parcelamento Simplificado Não Previdenciário — Receita Federal,fato
Emitir certidão — Receita Federal,fato
Programas e Aplicativos — Receita Federal,fato
Manual do Sisen - Sistema de Concessão Eletrônica de Isenção de IPI e IOF — Receita Federal,fato
Como abrir Processo Digital para apresentar documentos para Declarações do IRPF em malha fiscal,fato
Serviços da Receita Federal,fato
PER/DCOMP Web — Receita Federal,fato
Destinação na Declaração — Receita Federal,fato
Serviços Digitais — Receita Federal,fato
Rendimentos — Receita Federal,fato
Manual do IRRF — Receita Federal,fato
Carnê-Leão — Receita Federal,fato
Resumo — Receita Federal,fato
Download do Programa DIRF — Receita Federal,fato
Termo de Uso e Política de Privacidade — Receita Federal,fato
Como obter a restituição — Receita Federal,fato
EFD - ICMS IPI — Receita Federal,fato
DIRPF — Receita Federal,fato
Receita Saúde simplifica a vida de milhares de brasileiros e reduz riscos fiscais — Receita Federal,fato
ECD — Receita Federal,fato
Agenda Tributária — Receita Federal,fato
Situações Específicas — Receita Federal,fato
Reforma Tributária: prazo para envio de sugestões é prorrogado — Receita Federal,fato
"Última Live IRPF aborda o tema ""Tributação IBS/CBS em aluguéis"" — Receita Federal",fato
Receita Federal realiza ação de cobrança e incentiva regularização de pendências no Imposto de Renda,fato
Receita Federal e CFC concluem mais um módulo de capacitação sobre Reforma Tributária com grande participação do público,fato
Receita Federal lança novo portal do Sped no gov.br com navegação mais simples e moderna,fato
Receita Federal e Polícia Federal deflagram operação para apurar irregularidades envolvendo servidor público,fato
IRPF 2026 registra recorde de entrega de declarações — Receita Federal,fato
Manual do Sisen - Laudo Médico Eletrônico — Receita Federal,fato
CAFIR - Cadastro de Imóveis Rurais — Receita Federal,fato
Rendimentos do Capital — Receita Federal,fato
Impossibilidade de conexão inicial com atendente — Receita Federal,fato
Cidadão — Receita Federal,fato
Limites da Declaração Online e por App — Receita Federal,fato
Como enviar documentos por e-mail — Receita Federal,fato
Termos e Condições do Meu Imposto de Renda — Receita Federal,fato
Nova regra que limita uso do FGC para atrair investidores começa a valer; entenda o que muda,fato
"Na 12ª semana seguida de alta, mercado eleva estimativa de inflação para 5,09% em 2026",fato
BC publica novas regras para evitar que bancos usem FGC como estratégia para captar recursos,fato
"Rombo das estatais federais soma R$ 5,9 bilhões até abril, bate recorde para o período e supera todo o ano de 2025",fato
"Às vésperas do Desenrola 2.0, em abril, inadimplência com bancos alcançou pico histórico",fato
Cuba vai suspender transações com Visa e Mastercard em meio a sanções dos EUA,fato
"Reformas fiscais significativas são necessárias para que dívida do Brasil tenha firme queda, diz FMI",fato
"BC vai exigir auditoria para autorizar empresas de criptoativos, como bitcoin",fato
"Contas públicas têm superávit de R$ 24,6 bilhões em abril; dívida sobe para 80,4% do PIB",fato
"Lula amplia crédito com taxas favorecidas em terceiro mandato, preocupa BC e pressiona juros",fato
"Dólar cai e fecha a R$ 5,02 com foco no Oriente Médio; Ibovespa recua",fato
"Fazenda vê desaceleração, mas mantém em 2,3% estimativa de alta do PIB em 2026",fato
"Dólar cai e fecha em R$ 5,03, com foco nas negociações entre EUA e Irã; Ibovespa recua",fato
"'Tiro pode sair pela culatra': potencial impacto de classificação de PCC e CV como terroristas sobre políticos e Faria Lima pode prejudicar Flávio, diz professor",fato
"Dólar sobe a R$ 5,04, com guerra no Irã e PIB do Brasil; Ibovespa cai ao menor patamar desde janeiro",fato
Dinheiro esquecido: governo já transferiu parte dos recursos para uso no Desenrola 2.0; brasileiros ainda podem recuperar quase R$ 5 bilhões,fato
Desenrola 2.0: saldo do FGTS disponível pode ser consultado pelo app a partir desta segunda,fato
"'Prévia' do PIB do Banco Central mostra crescimento de 1,3% no 1º trimestre e aceleração da atividade",fato
"Galípolo diz que uso de dinheiro de fraudes do Master 'chama atenção', mas minimiza risco ao sistema financeiro: '3ª divisão'",fato
"Dinheiro esquecido: governo quer usar parte dos R$ 10,5 bilhões deixados em bancos para financiar Desenrola 2.0",fato
"BC aponta R$ 10,6 bilhões em 'dinheiro esquecido' em março; bancos devem repassar nesta terça parte dos recursos ao governo",fato
Senado dos EUA aprova Kevin Warsh como presidente do banco central americano,fato
"Caso Master: após ter detectado 'indícios de vantagens indevidas' a servidores, Banco Central publica novo plano de integridade",fato
"Inflação se afasta da meta, mas Banco Central julga decisão de cortar de juros como 'mais adequada'",fato
'Tarde demais': Trump publica imagem do presidente do banco central dos EUA sendo jogado no lixo,fato
"Dinheiro esquecido: BC revela que ainda há R$ 10,1 bilhões nos bancos; 43,9 milhões de pessoas têm direito",fato
Banco Central dos EUA volta a subir juros,fato
"Banco Central: caderneta de poupança tem saída de R$ 85,6 bilhões em 2025",fato
Galípolo diz que BC não negocia seu mandato e vê Focus como referência para decisões de juros,fato
"Banco Pleno teve trajetória marcada por rebatismo, venda e reestruturações até a liquidação pelo BC",fato
Presidente do Banco Central diz não ver motivos para intervir e tentar conter alta do dólar,fato
"No 5º mês seguido de crescimento, 'prévia do PIB' do Banco Central tem alta de 0,6% em fevereiro",fato
Moedas do Jogos Olímpicos geram fila de compradores no Banco Central,fato
Banco Central da China declara ilegais todas as transações com criptomoedas,fato
Alexandre Tombini deixa o comando do Banco Central,fato
Banco Central determina a liquidação extrajudicial do Banco Master,fato
"Novos diretores do Banco Central, Gabriel Galípolo e Ailton Aquino tomam posse nesta quarta-feira",fato
"Única fora de circulação, moeda original de R$ 1 é negociada a R$ 10",fato
Entidades do setor financeiro divulgam nota em defesa do BC no caso Master,fato
G1 – O mapa da reestruturação do Banco do Brasil,fato
"BC diz que 48,6 milhões de pessoas ainda têm direito a 'dinheiro esquecido' nos bancos; valor total soma R$ 9,73 bilhões",fato
Por que Trump demitiu diretora do Banco Central americano em ação sem precedentes,fato
Selic: por que o Banco Central subiu a taxa de juros e quais são as consequências,fato
Caso Master: presidente do TCU defende distensionar ambiente após suspensão de inspeção no Banco Central,fato
Bolsonaro nomeia presidente e sete diretores para mandatos fixos no Banco Central,fato
"App do Will Bank congela operações, mas ainda mostra cobrança de cartão; veja o que fazer se for cliente",fato
Lula critica independência do Banco Central: 'Bobagem',fato
BC decreta suspensão das atividades do Banco Neon,fato
"Quem é Augusto Lima, dono do Banco Pleno e ex-sócio de Daniel Vorcaro",fato
Economia - Banco Central decreta intervenção no banco BVA,fato
"Banco Central aumenta taxa básica de juros para 6,25% ao ano, maior nível desde julho de 2019",fato
Banco Central diz que guerra exige política de juros restritiva e não dá mais indicações sobre próximos passos,fato
"Lucro dos bancos bate recorde e soma R$ 144 bilhões em 2023, aponta Banco Central",fato
Como hackers norte-coreanos quase roubaram US$ 1 bilhão de banco,fato
"Juro estável em 15% ao ano: antes mesmo de decisão, Banco Central foi defendido por Campos Neto e criticado por Haddad",fato
"Antes cotado para o Banco Central, Guilherme Mello será secretário-executivo do Ministério do Planejamento",fato
"Lula assina nomeação de Gabriel Galípolo como novo presidente do Banco Central, diz Planalto",fato
BC cria sistema para clientes consultarem valores a receber de bancos e instituições financeiras,fato
Banco Central sobe compulsório e retira R$ 61 bilhões da economia,fato
"Banco Central eleva Selic para 15% ao ano, maior patamar desde 2006",fato
"Após caso Master, diretor do Banco Central fala em revisar regras do FGC",fato
Banco Central publica norma para acabar com 'contas-bolsão' usadas pelo crime organizado para lavar dinheiro,fato
Senado aprova indicados do governo Lula para diretorias do Banco Central,fato
"Banco Central se mostra mais preocupado com a inflação, dizem analistas",fato
"Copom reduz a taxa básica de juros da economia, a Selic, de 15% para 14,75% ao ano",fato
TCU confirma autorização de inspeção no Banco Central sobre liquidação do banco Master,fato
Valores a receber: prazo para sacar 'dinheiro esquecido' no sistema do BC termina nesta quarta,fato
Caso Master-BRB: saiba como checar no Banco Central se há dívidas indevidas em seu nome,fato
"BC diz que 48,7 milhões de pessoas ainda têm 'dinheiro esquecido' nos bancos; valor total soma R$ 9,9 bilhões",fato
Valores a receber: BC diz que ainda há R$ 10 bilhões esquecidos nos bancos; veja como consultar e sacar valores,fato
Banco Central decreta liquidação extrajudicial de instituições do conglomerado Entrepay,fato
"Para aumentar segurança e coibir fraudes, Banco Central regulamenta prestação de serviços financeiros",fato
"Quem é Diogo Guillen, ex-diretor do BC que assume a chefia econômica do Itaú",fato
"Valores a receber: ainda há R$ 9,1 bilhões esquecidos nos bancos; veja como consultar e sacar valores",fato
"No 2º mês seguido de tombo, 'prévia do PIB' do Banco Central tem retração de 0,2% em outubro",fato
WhatsApp pede aval para Banco Central para ser 'iniciador de pagamentos',fato
"Com mercado financeiro dividido, Banco Central pode interromper ciclo de alta dos juros nesta quarta",fato
Banco Central implementa segunda fase do open banking nesta sexta,fato
"Banco Central aumenta taxa de juros para 7,75% ao ano, maior patamar desde 2017",fato
Lula volta a cobrar que o Banco Central baixe os juros,fato
"Mercado financeiro eleva previsão da inflação para 5,09% este ano",fato
BC regulamenta regras do CMN para limitar uso do FGC por bancos,fato
BC exigirá auditoria independente de empresas de cripto,fato
BRB adia divulgação de balanço após acordo de socorro com a União,fato
BRB muda regras e permite aportes parciais para aumento de capital,fato
União e GDF fecham acordo para viabilizar empréstimo ao BRB,fato
"Entenda operação de até R$ 6,5 bilhões para socorrer BRB",fato
"Contas públicas têm superávit primário de R$ 24,6 bilhões em abril",fato
União e Distrito Federal chegam a acordo para socorrer BRB,fato
"Mercado financeiro aumenta projeção da inflação de 2026 para 5,09%",fato
"Dólar sobe para R$ 5,06; bolsa cai com IPCA-15 e recuo do petróleo",fato
"FMI destaca resiliência da economia brasileira e projeta PIB de 2,5%",fato
"Dólar cai para R$ 5,03 com alívio geopolítico e foco nos EUA",fato
Caixa conclui pagamento da parcela de maio do Bolsa Família,fato
Lula pede a Durigan que avalie possíveis prejuízos de medidas dos EUA,fato
João Fonseca derrota Casper Ruud e vai às quartas de Roland Garros,fato
Brasileirão Feminino Sub-20: TV Brasil transmite Flamengo X São Paulo,fato
"Em cinco dias, dois PMs do Rio morrem com tiros de fuzil na cabeça",fato
Homicídios dolosos e estupros aumentam no estado de São Paulo,fato
TSE marca para 2 de junho julgamento de recurso de Claudio Castro,fato
Lula sanciona lei que cria Universidade Federal Indígena,fato
"Bolsa tem pior mês desde 2023, e dólar sobe 1,82% em maio",fato
Mendes pede vista e suspende julgamento sobre Lei da Ficha Limpa,fato
"Dívida Pública sobe 1,91% em abril e encosta em R$ 8,8 trilhões",fato
Durigan diz que União negocia acordo para permitir empréstimo ao BRB,fato
"Mercado eleva previsão da inflação para 5,04% este ano",fato
"Caso Master não colocou em risco sistema financeiro, diz Banco Central",fato
Senado adia votação da PEC que dá autonomia financeira ao BC,fato
"Mercado projeta inflação de 4,92% em 2026",fato
Galípolo descreve ação do Master que chamou atenção do Banco Central,fato
"Dinheiro de clientes do Master migrou para bancos maiores, informa BC",fato
Galípolo diz que suposta ligação entre servidores e Master abalou BC,fato
Pedido de vista adia votação de autonomia financeira do Banco Central,fato
Economistas avaliam que cortes na Selic vão depender da guerra no Irã,fato
"Morre o economista Chico Lopes, ex-Banco Central e criador do Copom",fato
Mercado financeiro espera queda de juros mais lenta em 2026,fato
"Copom reduz Selic para 14,5% e indica cautela nos cortes",fato
Copom adota cautela por tensões globais e expectativa da inflação,fato
Banco Central desiste de recurso contra inspeção do TCU no caso Master,fato
Banco Central prevê inflação acima de 5% no fim de 2025,fato
"Banco Central recebe mais de 2,7 mil reclamações contra instituições financeiras",fato
Banco Central prevê inflação abaixo do piso da meta este ano,fato
"Sigilo de oito anos para liquidação do Master é regra, diz Galípolo",fato
Contas públicas têm superávit de R$ 103 bilhões em janeiro,fato
Banco Central decreta liquidação extrajudicial de braço do Master,fato
Campos Neto toma posse como presidente do Banco Central,fato
C6 Bank é a instituição que mais tem reclamações no Banco Central,fato
Bolsonaro nomeia presidente e diretores do BC para mandatos fixos,fato
"Juros para famílias e empresas sobem em janeiro, diz Banco Central",fato
Banco Central anuncia lançamento da nota de R$ 200,fato
BC liquida Reag ligada às suspeitas de fraude no Banco Master,fato
"Para Galípolo, solução para crise do BRB depende do governo do DF",fato
Entenda as liquidações do Banco Master e da Reag,fato
"BC decreta liquidação do Banco Pleno, presidido por ex-sócio do Master",fato
"BC concorda com inspeção sobre Banco Master, diz presidente do TCU",fato
"Contas externas têm saldo negativo de US$ 68,8 bilhões em 2025",fato
Copom se reúne nesta quarta com petróleo sob pressão da guerra,fato
"Dólar cai para R$ 4,97 após decisão de Banco Central americano",fato
Copom decide nesta quarta se mantém Taxa Selic em 15% ao ano,fato
Traficante investigado por assalto ao Banco Central é preso na Bahia,fato
"Atividade econômica no RS recua 9% em maio, estima Banco Central",fato
Banco Central apresenta projetos de inovação financeira,fato
Banco Central obriga bloqueio de transações suspeitas de fraude,fato
Banco Central americano reduz juros para perto de zero,fato
Gabriel Galípolo sobre a taxa de juros: momento é de “calibragem”,fato
Juros do crédito pessoal e cartão rotativo avançam para as famílias,fato
Usuários podem utilizar nome social para acessar serviços do BC,fato
"Saldo da poupança atinge 1 trilhão de reais, aponta Banco Central",fato
Bancos deverão compartilhar dados para prevenção de golpes e fraudes,fato
Servidores do Banco Central confirmam fim da greve,fato
"Em decisão unânime, Copom mantém taxa básica de juros em 15% ao ano",fato
"Banco Central revela que US$ 44,7 bilhões saíram do Brasil em 2019",fato
Prédio do Banco Central,fato
Ferramenta do BC supera 100 milhões de relatórios de dados financeiros,fato
Taxas médias de juros ficam estáveis em junho,fato
Banco Central lança moeda comemorativa de R$ 1 pelos 60 anos do órgão,fato
Sancionada lei que muda relação financeira entre BC e Tesouro,fato
Fim do Master: trabalhadores e 12 milhões de clientes serão afetados,fato
"Copom mantém juros básicos da economia em 13,75% ao ano",fato
Banco Central autoriza financeiras a emitir LCI,fato
IBC-Br: prévia do PIB tem quarto mês seguido de crescimento,fato
"PEC promove ""privatização"" do BC e pode ter custo fiscal ao país",fato
Como pedir a restituição — Receita Federal,fato
Tributação do não residente — Receita Federal,fato
Tabelas para conversão de dólar em 2025 — Receita Federal,fato
Instituições autorizadas a operar com ouro devem utilizar a NF-e Ouro Ativo Financeiro — Receita Federal,fato
"Taxas de câmbio, incluindo valor do dólar, para fins fiscais — Receita Federal",fato
Manual da DME,fato
Tabelas para conversão de dólar em 2023 — Receita Federal,fato
Instituição Financeira — Receita Federal,fato
MinutaDecripto.docx - Portal Gov.br,fato
Moeda Corrente — Receita Federal,fato
PERGUNTAS E RESPOSTAS RERCT-GERAL O que é o Regime Especial de Regularização Geral de Bens Cambial e Tributária — RERCT-Ge,fato
e-DMOV (saída do País de moeda e ouro ativo financeiro ou instrumento cambial) — Receita Federal,fato
"001 Quais são os contribuintes da Contribuição para o PIS/Pasep, incidente sobre Receitas Governamentais?",fato
"RFB atualiza regulamentação de criptoativos para adaptá-la ao padrão internacional CARF da OCDE – IN RFB nº 2.291, de 14 de novembro de 2025 — Receita Federal",fato
Receita Federal publica norma ampliando a transparência e identificação dos beneficiários finais em fundos de investimento e estruturas societárias,fato
Receita Federal esclarece sobre declaração de operações com criptoativos,fato
Eventos do Patrimônio — Receita Federal,fato
Luiz Fernando Gusmão Wellisch — Receita Federal,fato
"Nota Cetad/Coest nº 029, de 04 de março de 2022. Interessado: Gabinete da Secretaria Especial da Receita Federal do Brasil. A",fato
Portaria permite envio de informações de RMF pela via digital — Receita Federal,fato
Orientações para Pessoa Jurídica Domiciliada no Exterior — Receita Federal,fato
Como receber a restituição de um contribuinte falecido? — Receita Federal,fato
Edital de Credenciamento - CONTA VINCULADA,fato
SEI/MGI - 48781652 - Contrato - Serv Tecn Inform e Comunic,fato
RETIFICAÇÃO EDITAL 1,fato
Receita Federal intercepta esmeraldas em encomenda postal,fato
Cheques e Cheques de Viagem (Traveller Checks) — Receita Federal,fato
Capítulo XVII - Sociedades Cooperativas 2017,fato
Capítulo XXV - Contribuição para o PIS-Pasep incidente sobre Receitas Governamentais 2016,fato
2.1.7.3.2 Fiança idônea — Receita Federal,fato
Consulta Pública RFB nº 08-2017,fato
1 Natureza e Requisitos,fato
"Calculadora de Renda Variável facilita e incentiva investimentos no mercado financeiro, diz Haddad — Receita Federal",fato
NF-e Ouro Ativo Financeiro ganha consulta pública e possibilidade de geração de documento auxiliar,fato
Sistema Integrado de Comércio Exterior - Siscomex — Receita Federal,fato
Apresentação do PowerPoint,fato
"NOTA CETAD/COEST nº 079, de 07 de junho de 2023. Assunto: Altera a legislação sobre debêntures de infraestrutura. SUMÁRIO",fato
"Nota CETAD/COEST nº 011, de 20 de janeiro de 2022. Interessado",fato
Capítulo XVII - Sociedades Cooperativas 2020,fato
MF - Manual Imposto na Fonte 07.04.05indd.indd,fato
Capítulo XVII - Sociedades Cooperativas,fato
Capítulo XVII - Sociedades Cooperativas 2021,fato
Nota Fiscal Eletrônica do Ouro Ativo Financeiro (NF-e Ouro Ativo Financeiro),fato
Dia 10/02/2026 — Receita Federal,fato
Perdimento de Moedas — Receita Federal,fato
Contribuição Social sobre o Lucro Líquido CSLL — Receita Federal,fato
"Decreto nº 354, de 2 de dezembro de 1991 — Receita Federal",fato
Receita Federal ajusta norma sobre perdas em créditos e cálculo dos juros sobre capital próprio,fato
Scanned Document,fato
MINISTÉRIO DA FAZENDA SECRETARIA DA RECEITA FEDERAL DO BRASIL,fato
FATO GERADOR,fato
Contrato RFB-Copol nº 17 Banco CITIBANK,fato
Operação Niflheim: Receita Federal e Polícia Federal deflagram operação contra fraudes com criptomoedas,fato
Contrato RFB nº 47 - 2021_docx,fato
Receita Federal divulga prazo para envio da DITR 2022,fato
Receita Federal divulga prazo e regras para envio da DITR 2023,fato
MANUAL DE PREENCHIMENTO DO LIVRO CAIXA DIGITAL DO PRODUTOR RURAL (LCDPR),fato
"NOTA CETAD/COEST nº 38, de 14 de março de 2022. Assunto",fato
1964 A 1967 - A Reforma Tributária — Receita Federal,fato
1 Preço de Transferência,fato
Mafon 2006,fato
"NOTA CETAD/COEST nº 196, de 13 de dezembro de 2023. Assunto: Lei nº 14.754/2023 – Dispõe sobre a tributação de aplicaç",fato
Crédito Presumido Provisões para Créditos de Liquidação Duvidosa — Receita Federal,fato
PREGÃO ELETRÔNICO,fato
Dia 10/06/2026 — Receita Federal,fato
Dercat - Perguntas e Respostas — Receita Federal,fato
"Portaria MF nº 140, de 10 de julho de 2008 — Receita Federal",fato
Lucro Real,fato
NOTAS EXPLICATIVAS,fato
Apresentação da Declaração do Imposto sobre a Propriedade Territorial Rural 2024 começa em 12 de agosto,fato
Revisão da Estimativa via Processo Digital — Receita Federal,fato
Antônio Augusto de Mesquita Neto — Receita Federal,fato
Relatєrio de Pesquisa de Preчos - Juliana_docx,fato
"Portaria MF nº 203, de 20 de agosto de 1981 — Receita Federal",fato
1940 A 1944 - O Imposto de Renda Alcança o Primeiro Lugar em Arrecadação — Receita Federal,fato
Dia 10/11/2025 — Receita Federal,fato
Leiaute 1.3 do LCDPR,fato
Operação da Receita Federal apreende R$ 550.000 em esmeraldas sem documentação em encomenda dos Correios em Recife,fato
Receita Federal assina acordo com a Noruega para a eliminação da dupla tributação,fato
Receita Federal atualiza regras do controle aduaneiro de passageiros,fato
"RFB participa do recém-publicado programa do MEC, Na Ponta do Lápis — Receita Federal",fato
DME - Declaração de Operações Liquidadas com Moeda em Espécie — Receita Federal,fato
Receita Federal realiza live com o CFC sobre o Programa de Regularização de Bens no Brasil e no Exterior (Rerct-Geral),fato
2.1.3 Condições — Receita Federal,fato
Códigos de ocupações — Receita Federal,fato
Cidadania Fiscal da Receita Federal participa do 1º encontro do Programa Consciência e Ação,fato
Capítulo XIX - IRPJ e CSLL - Operações Internacionais 2021,fato
"Imposto de Renda 2026: Receita Federal estima que 2,2 milhões de declarações caíram na malha fina",fato
"IR: Receita recebe mais de 44 milhões de declarações, diz ministro da Fazenda",fato
Imposto de Renda 2026: mais de 44 milhões de contribuintes entregaram declaração,fato
"Na reta final do Imposto de Renda 2026, cerca de 400 mil pessoas ainda não enviaram declaração",fato
Imposto de Renda 2026: errou ou entregou declaração incompleta? Saiba como fazer a retificadora,fato
Imposto de Renda 2026: veja o que acontece se você não entregar a declaração e como evitar multas,fato
Imposto de renda 2026: veja quem precisa declarar,fato
Ministro da Fazenda diz que monitoramento de fintechs permitiu combater crime organizado no 'andar de cima',fato
Imposto de Renda: Saiba tudo sobre Declaração do IR - G1 Economia,fato
IR 2026: Receita libera programa; contribuinte terá fim de semana para fazer declaração,fato
Imposto de Renda 2026: como declarar pensão alimentícia sem cair na malha fina,fato
Imposto de Renda 2026: prazo termina nesta semana e programa ao vivo tirou dúvidas,fato
"Imposto de Renda 2026: Receita abre consulta ao 1º lote de restituição, o maior da história; veja como fazer",fato
IR 2026: contribuinte pode saber em um dia se declaração entregue caiu na malha fina; entenda,fato
"Novo leilão da Receita tem dois PS5 por R$ 853 e carros a partir de R$ 1,9 mil; veja como participar",fato
"Arrecadação federal soma R$ 229 bilhões em março, com alta de 5% e bate recorde para o mês",fato
Receita Federal lança canal de atendimento no Telegram para serviços relacionados ao CPF,fato
"Tributação de bets e loterias rendeu quase R$ 5 bilhões em arrecadação até julho, diz Receita",fato
"Leilão da Receita tem iPhone 17, MacBook Air, videogames e vinhos; veja lances a partir de R$ 100",fato
Novo leilão da Receita tem iPhone 13 por R$ 731 e MacBook por R$ 4 mil; veja como participar,fato
Imposto de Renda: Receita abre nesta sexta consultas a lote residual de restituições de quase R$ 500 milhões,fato
Haddad diz que fraudes na importação de combustíveis chegam a bilhões de reais,fato
Receita Federal alerta sobre novo 'golpe por correspondência',fato
"Imposto de Renda 2023: caí na malha fina, o que fazer agora?",fato
"Golpe do amor, do IOF, das redes sociais e do WhatsApp: veja fraudes detectadas pela Receita nas encomendas internacionais",fato
iFood paga quase R$1 bilhão em tributos após derrota judicial sobre benefício tributário indevido,fato
Economia - PF prende ex-chefe da Receita Federal em Caruaru-PE,fato
Secretário da Receita demitido é defensor histórico do imposto único,fato
Leilão da Receita: nova edição tem carro por R$ 13 mil e celulares por R$ 450; veja como participar,fato
771 mil declarações estão na malha fina do Imposto de Renda 2016,fato
"Com aumento de impostos, carga tributária bate recorde histórico em 2024 e alcança maior nível em mais de duas décadas",fato
Imposto de Renda 2024: Receita paga 4º lote de restituição nesta sexta; veja quem recebe e calendário,fato
Imposto de Renda 2024: como baixar o programa,fato
Paralisação de auditores da Receita Federal tem início nesta quinta-feira,fato
Imposto de Renda 2023: Veja quem é obrigado a declarar,fato
"Arrecadação federal soma R$ 2,21 trilhões em 2022 e bate novo recorde",fato
"Arrecadação federal soma R$ 230,2 bilhões em maio deste ano, maior valor para o mês em 30 anos",fato
Como alterar dados pessoais errados na carteira de trabalho digital?,fato
Prazo para propostas para Leilão da Receita com carros a partir de R$ 15 mil termina nesta segunda-feira,fato
Receita divulga regras sobre contribuição ao INSS de trabalhador que ganha menos que o mínimo,fato
Governo regulamenta bônus por produtividade a auditores fiscais da Receita,fato
"Iagaro Jung Martins, subsecretário de fiscalização da Receita Federal, sobre Lava Jato",fato
Seu CPF tem pendências? Veja como fazer consulta e deixá-lo em situação regular,fato
"Novo leilão da Receita tem lote com vários PlayStations 5 e Xbox por R$ 6,9 mil e SUV por R$ 22,5 mil; veja como participar",fato
Receita lança operação e notifica mais de 6 mil empresas por supostas irregularidades no IR,fato
"Imposto de Renda 2023: Receita abre consulta a 4º lote de restituições na próxima quinta e pagará R$ 7,5 bilhões",fato
Veja o que fazer se caiu na malha fina do leão,fato
"Leilão da Receita: começa hoje fase de propostas para edição com dois carros por R$ 3,6 mil; veja como fazer",fato
Receita promove leilão de vinhos raros e de colecionador em SP; veja como participar,fato
Receita alerta sobre golpe que usa carta para induzir contribuinte a acessar site falso,fato
Veja o passo a passo para instalação do programa para gerar o Imposto de Renda 2020,fato
Carf decide que Grupo Gerdau deve devolver R$ 4 bilhões à Receita,fato
"Receita Federal libera inscrição de novos CPFs por e-mail, sem custo e para qualquer idade",fato
Imposto de Renda 2025: Receita abre consulta ao 1º lote de restituição; veja se vai receber,fato
Receita libera consulta a lote residual do IR de anos anteriores - notícias em Imposto de Renda 2016,fato
"Receita espera receber 28,8 milhões de declarações do Imposto de Renda em 2018",fato
Receita Federal suspende necessidade de autenticação de documentos,fato
CPF: veja como consultar e regularizar pendências,fato
Reforma tributária: notas fiscais sem indicação dos impostos sobre o consumo não mais serão rejeitadas automaticamente,fato
"Leilão da Receita tem nova edição com iPhone a partir de R$ 900, notebooks e até Rolex; veja como participar",fato
"Leilão da Receita: propostas começam nesta quinta, com PlayStation 5 por R$ 800 e notebook por R$ 500",fato
Receita libera consulta ao 7º lote do Imposto de Renda 2016,fato
"Receita reforça combate a créditos tributários indevidos no setor de combustíveis, alvo de operação contra lavagem de dinheiro do PCC",fato
Jogos de azar: Secretário da Receita diz que foco é fiscalizar empresas e não apostadores,fato
"IR 2023: mais de 1,3 milhão de contribuintes caíram na malha fina; veja principais motivos",fato
"Após nova operação contra o PCC, Haddad anuncia criação de delegacia da Receita em Brasília",fato
"Arrecadação federal soma R$ 222 bilhões em fevereiro, com alta de 5,7% e bate recorde para o mês",fato
Decisão do STF permite cobrança de impostos retroativos e pode aumentar dívidas de empresas; entenda,fato
Receita exigirá CPF em fundos de investimento para rastrear organizações criminosas,fato
Leilão da Receita Federal tem iPad e notebook por R$ 1 mil; saiba como participar,fato
Empresas de criptoativos no exterior que prestam serviços no país terão de enviar informações à Receita Federal,fato
Leilão da Receita tem PlayStation 5 por R$ 800 e notebook por R$ 500; veja como participar,fato
Imposto de Renda 2026: veja passo a passo para fazer a declaração pré-preenchida,fato
"Pela 1ª vez na história, arrecadação federal supera R$ 200 bi em agosto e bate recorde para o mês",fato
Adesão ao ‘Refis’ para renegociação de dívidas com a Receita Federal começa nesta sexta-feira (5),fato
Imposto de Renda 2024: como declarar aluguel pago e recebido,fato
"Leilão da Receita: nova edição tem carros a partir de R$ 3 mil e PlayStation 5 por R$ 1,4 mil; veja como participar",fato
Imposto de Renda 2024: Receita paga 3º lote de restituição nesta quarta; veja quem recebe e calendário,fato
Meu Imposto de Renda está disponível: veja como funciona e como fazer declaração pré-preenchida online,fato
Imposto de Renda: o que fazer se você perdeu os recibos de gastos médicos,fato
"Arrecadação federal atinge R$ 190,6 bilhões em março, maior resultado para o mês em 30 anos",fato
Declaração do IR pode passar a ser automática em até três anos,fato
"IRPF 2026 bate recorde com 44,4 milhões de declarações enviadas",fato
"Receita Federal recebeu 44,5 milhões de declarações do IRPF 2026",fato
"IR 2026: Receita recebe 44,5 milhões de declarações, diz Durigan",fato
RJ: polícia faz ação contra venda clandestina de canetas emagrecedoras,fato
Receita tem recorde de restituições no fim do prazo de entrega do IR,fato
"A 5 horas do fim do prazo, 900 mil não enviaram declaração do IR",fato
Prazo para declarar Imposto de Renda termina às 23h59 desta sexta,fato
Entenda o que é o Imposto de Renda e por que deve ser declarado,fato
"A um dia do fim do prazo, 5,1 milhões não enviaram declaração do IR",fato
Fintechs investigadas movimentaram R$ 26 bilhões em operações atípicas,fato
"A dois dias do fim do prazo, 7,7 milhões não enviaram declaração do IR",fato
Ação em 5 estados investiga ligação do PCC com setor de combustíveis,fato
Nova fase de operação mira PCC e empresas do setor de combustíveis,fato
Dia Mundial sem Tabaco: novas tecnologias camuflam vapes e são desafio,fato
"Afinal, o que é Imposto de Renda? Por que declarar?",fato
Mais de 50 mil empresas participam hoje do Dia Livre de Impostos,fato
MPF pede investigação sobre contaminação de rios em terra indígena,fato
BNDES abre financiamento para transporte de carga e passageiros,fato
TSE marca julgamento de recurso de Cláudio Castro para 2 de junho,fato
STF vai julgar caso de venda de sentenças no STJ,fato
Comissão de Mortos e Desaparecidos conclui: JK foi morto pela ditadura,fato
"Governo reafirma que soberania é ""inegociável"" e critica clã Bolsonaro",fato
"Em SP, povos e comunidades lançam aliança em Defesa da Mata Atlântica",fato
Portal da Transparência detalha gastos do programa Gás do Povo,fato
Quênia prende 8 estudantes suspeitos de incêndio criminoso em escola,fato
Casos de síndrome respiratória grave continuam aumentando no país,fato
"Ministério da Fazenda projeta crescimento econômico de 2,3% para 2026",fato
Lula critica Trump: criminosos devem ser combatidos dentro do Brasil,fato
Neymar pode ficar fora da estreia da seleção brasileira na Copa,fato
Hábito de colecionar figurinhas vem do século passado,fato
"Um dos maiores do país, São João de Caruaru começa no sábado | Radioagência Nacional",fato
Festival debate futuro da mídia digital e inteligência artificial,fato
Esclerose múltipla afeta 40 mil brasileiros entre 20 e 50 anos,fato
Polícia investiga idosa por manter 400 gatos em apartamento de SC,fato
Concessão da chamada Rota dos Sertões será leiloada nesta quinta-feira,fato
Lula comemora aprovação do fim da escala 6x1 na Câmara,fato
Receita abre consulta a primeiro lote de restituição do IR nesta sexta,fato
Receita pagará R$ 16 bilhões no maior lote de restituição da história,fato
Saiba como corrigir erros na declaração e não cair na malha fina,fato
Arrecadação federal bate recorde e supera R$ 278 bilhões em abril,fato
"A 11 dias do fim do prazo, 40% não enviaram declaração do IRPF",fato
IR 2026: chance maior de inclusão no primeiro lote termina domingo,fato
IBS e CBS terão que constar nas notas fiscais a partir de agosto,fato
Operação Refugo mira fraudes no setor de plástico em São Paulo,fato
IR 2026: chance de inclusão no primeiro lote acaba neste domingo,fato
Anvisa e PF vão combater venda ilegal de medicamentos emagrecedores,fato
Receita lança aplicativo CPF Digital,fato
Receita registra mais de 34 mil apreensões na alfândega em 2019,fato
Receita anula isenção tributária para líderes religiosos,fato
Contribuinte na malha fina pode contestar valores pela internet,fato
Prejuízos com ações já podem ser indicados à calculadora da Receita,fato
Receita Federal paga hoje lote residual de restituições do IRPF 2021,fato
Receita abre consulta a lote residual de restituição do IR,fato
Receita libera esta semana consulta ao lote residual da malha fina,fato
Receita recebe quase 14 milhões de declarações do IR em um mês,fato
Adesão ao Programa Litígio Zero começa hoje,fato
Prazo para motoristas com deficiência pedirem isenção cai para 3 dias,fato
PF apura vazamento de dados da Receita de ministros do STF,fato
Receita Federal alerta para tentativa de golpe com o imposto de renda,fato
Receita abre consulta para lote residual de restituições na segunda,fato
Receita atualiza regras de controle de entrada e saída de dinheiro,fato
Declaração do IR de anos anteriores também pode ser enviada à Receita,fato
Receita Federal destrói 97 mil aparelhos de TV box piratas,fato
Receita doará obras apreendidas ao Museu Nacional de Belas Artes,fato
"Arrecadação federal chega a R$ 261,9 milhões em outubro e bate recorde",fato
Termina nesta quarta-feira prazo para entrega do Imposto de Renda,fato
Receita quer anular decisão do TCU sobre sistema que controla bebidas,fato
Prazo para entrega da declaração do IR 2016 começa em 1º de março,fato
"Secretário especial da Receita Federal, Robinson Barreirinhas.",fato
Receita antecipa liberação do programa do IRPF 2026 para download,fato
Auditores fiscais da Receita Federal fazem manifestação,fato
"Receita Federal apreende 1,3 tonelada de cocaína no Rio",fato
Receita recebe mais de 10 milhões de declarações do Imposto de Renda,fato
"Arrecadação federal chega a R$ 280,63 bilhões em janeiro",fato
Receita paga hoje lote da malha fina do Imposto de Renda,fato
"Superintendência da Receita Federal, em Brasília.",fato
Receita paga penúltimo lote de restituição do Imposto de Renda 2016,fato
Receita abre amanhã consulta ao lote residual de restituição do IRPF,fato
Receita paga lote da malha fina do Imposto de Renda de março,fato
Ministro do STF suspende investigação da Receita contra autoridades,fato
Receita abre hoje consulta a lote residual de restituição do IRPF,fato
Receita Federal cria ambiente virtual de testes para novo tributo CBS,fato
Receita Federal vai monitorar patrimônio de grandes contribuintes,fato
Receita libera consulta a quarto lote de restituição do IR,fato
"Entenda como funciona o ""golpe do IOF"" na hora de pegar um empréstimo",fato
"O secretário Especial da Receita Federal, Julio Cesar Gomes, é o entrevistado do programa, Brasil em Pauta, na TV Brasil",fato
Patrimônio — Receita Federal,fato
Pagamentos ou Doações — Receita Federal,fato
Eu sou cidadão solidário: destinação do Imposto de Renda — Receita Federal,fato
Tela Inicial — Receita Federal,fato
Bens Financeiros — Receita Federal,fato
Bens Imóveis e Móveis — Receita Federal,fato
Manuais da Reforma Tributária do Consumo — Receita Federal,fato
Outros Rendimentos — Receita Federal,fato
Como entregar a Declaração de Saída Definitiva do País — Receita Federal,fato
Receita Federal começa a receber declarações do IRPF nesta segunda-feira às 8 horas,fato
"Faltando dois dias para o fim do prazo, mais de 37 milhões de contribuintes já enviaram declaração do IRPF 2026",fato
Receita Federal esclarece as regras para uso de créditos de PIS/Cofins na transição para a CBS,fato
Simples Nacional: prazo para adesão de empresas acaba nesta sexta,fato
Adesão ao ‘Refis’ para renegociação de dívidas com a Receita Federal termina nesta segunda (1º),fato
Vendas via PIX são contabilizadas no limite de faturamento do Simples Nacional; entenda,fato
Entenda o que é o Simples Nacional e quais vantagens para as empresas,fato
"Reforma tributária: para proteger Zona Franca de Manaus, bicicletas terão aumento de impostos",fato
Simples Nacional: termina na quarta-feira o prazo para adesão de empresas,fato
"Incentivos fiscais devem totalizar mais de R$ 900 bilhões em 2026, diz levantamento",fato
Novo Pronampe está disponível; veja as regras e como solicitar empréstimo,fato
"Imposto de Renda: 0,01% mais ricos do país pagam alíquota de 4,6%, diz estudo",fato
"Economia - Novo ICMS dificulta vida de pequenas lojas virtuais, dizem tributaristas",fato
LCD: o que é e como vai funcionar o novo título de renda fixa isento de Imposto de Renda,fato
"Coronavírus: governo dá 3 meses para depósito de FGTS, antecipa 13º do INSS e reforça Bolsa Família",fato
Economia - Fisco lança aplicativo para consultar CNPJ e ver andamento de pedidos,fato
"Com tributo médio da OCDE, taxação de dividendos no Brasil poderia gerar mais de R$ 100 bilhões por ano",fato
"Governo anuncia aumento de IOF para empresas, previdência privada de alta renda e câmbio",fato
Veja quanto os autônomos e MEIs vão pagar de contribuição ao INSS em 2021,fato
Renúncia fiscal soma R$ 400 bi em 2017 e supera gastos com saúde e educação,fato
"IOF mais alto: veja o que muda em cartões, moeda estrangeira, VGBL e empréstimos para empresas",fato
Reforma tributária: veja os principais pontos da proposta,fato
Coronavírus: veja as medidas econômicas já anunciadas pelo governo federal e pelo BC,fato
Como super-ricos podem continuar driblando impostos — apesar dos planos de Lula para taxá-los,fato
"Reforma tributária: com extinção do PIS, Cofins e IPI, R$ 40 bilhões em benefícios fiscais deixarão de existir em 2027",fato
"eSocial será extinto e substituído por outro sistema em 2020, afirma secretário da Previdência",fato
Reforma tributária dá novo passo com imposto dual; entenda o que pode mudar,fato
"Economia - Carga tributária avança para 35,95% do PIB em 2013 e bate novo recorde",fato
"Pronampe: 5,3 milhões de empresas têm direito a novos empréstimos a partir desta quarta",fato
Quanto o governo deixa de arrecadar com benefícios concedidos aos mais ricos?,fato
"Arrecadação federal soma R$ 1,87 trilhão em 2021 e bate recorde histórico",fato
"Alvos de críticas de Haddad, benefícios fiscais devem superar os R$ 500 bilhões em 2024, maior nível em 9 anos",fato
Veja como pagar suas contas durante a greve dos bancários,fato
Entenda a proposta de reforma tributária entregue pelo governo ao Congresso,fato
Loja pode divulgar tributos em painel quando nota fiscal não for obrigatória,fato
Reforma tributária: veja os principais pontos da proposta do relator,fato
PME - Veja o passo a passo para abrir uma empresa na internet,fato
Bancos começam mutirão de negociação de dívidas nesta sexta; veja como participar,fato
Por que os mais ricos pagam menos imposto sobre a renda no Brasil,fato
"Economia - Reforma do PIS/Cofins vai aumentar tributação de serviços, diz IBPT",fato
Governo propõe reunir PIS-Cofins em uma mesma contribuição com alíquota única de 12%,fato
Oito em cada 10 brasileiros inadimplentes são reincidentes; veja dicas para não voltar a ter o 'nome sujo',fato
Quer abrir uma distribuidora de bebidas? Veja 10 dicas do Sebrae,fato
"Arrecadação federal bate recorde histórico e soma R$ 325,8 bilhões em janeiro, maior valor em 32 anos",fato
"Explosão na demanda, aperto na oferta: como a pandemia impactou o mercado de bicicletas no Brasil",fato
Segunda etapa da reforma tributária mudará regras do Imposto de Renda; entenda,fato
Haddad promete medidas de proteção a setores afetados nos próximos dias: 'Nada do que foi anunciado não pode ser revisto',fato
Reforma tributária obriga empresas a revisar cadastros de clientes e sistemas fiscais; veja o que muda,fato
Imposto de Renda 2022: rendimentos isentos e tributados devem ser declarados; saiba quais são eles,fato
"Reforma tributária: cashback e alíquota menor para profissionais liberais são maiores mudanças para baixa renda, diz levantamento",fato
Por que donos de empresas geralmente pagam menos impostos do que seus funcionários no Brasil,fato
"Governo anuncia bloqueio de R$ 31,3 bilhões no Orçamento de 2025 e eleva IOF para bater meta fiscal",fato
"Exceções na reforma tributária podem elevar o novo Imposto sobre Valor Agregado a 27%, diz Fazenda",fato
"Imposto de Renda 2024: bolsas de estudo, herança e rescisão; veja lista de rendimentos isentos",fato
Chuvas no RS: setor produtivo divulga primeiros balanços de prejuízos econômicos da tragédia,fato
"IOF para compra de moeda estrangeira em espécie e remessas para contas no exterior sobe de 1,1% para 3,5%",fato
Reforma tributária: imposto de 25% sobre o consumo seria um dos maiores do mundo,fato
'Imposto do pecado': como a alíquota extra pode impactar os preços e modificar a indústria,fato
IR 2020: Quais são os rendimentos isentos e os tributados? Veja lista e saiba como declarar,fato
IR 2019: Quais são os rendimentos isentos e os tributados? Veja lista,fato
Lula arrecada muito no 3º mandato? E os gastos? Veja a comparação entre governos,fato
Imposto de Renda 2022: quais são os limites de isenção?,fato
"Exceções na reforma tributária limitarão IVAs brasileiros a 63% do potencial de arrecadação, estima Fazenda",fato
IR 2021: Quais são os rendimentos isentos e os tributados? Quais precisam ser declarados?,fato
Economia,fato
"Superávit primário do Governo Central fica em R$ 25,2 bilhões em abril",fato
Cinco milhões de famílias deixaram o Bolsa Família ao melhorar renda,fato
Fluminense avança e Corinthians perde na Libertadores,fato
Contrata+Brasil amplia serviços para MEIs em compras públicas,fato
Empresas do Simples Nacional entram na 2ª etapa do eSocial,fato
Receita abre opção de ingresso ou reingresso no Simples Nacional,fato
Afif Domingos apresenta dados de adesão ao Simples Nacional,fato
Bolsonaro sanciona lei de negociação de dívidas das micro empresas,fato
Receita abre prazo de adesão a parcelamento especial do Simples,fato
Quase 600 mil empresas pediram adesão ao Simples em janeiro,fato
Empresas excluídas do Simples têm até sexta para resolver pendências,fato
Micro e pequenas empresas podem aderir ao Simples Nacional até quarta,fato
Simples exigirá nota fiscal nacional única a partir de setembro,fato
Cerca de 60 empresas foram abertas no primeiro mês do Inova Simples,fato
Devedores da Receita Federal já podem quitar dívidas sem multa e juros,fato
Empresas têm até dia 31 de janeiro para aderir ao Simples Nacional,fato
Prazo para quitar documentos de arrecadação tributária termina dia 30,fato
Simples Nacional,fato
Empresas do Simples Nacional já podem parcelar débitos,fato
Dívidas do Simples poderão ser pagas ou renegociadas até 31 de março,fato
MEIs têm até hoje (30) para renegociar dívidas com a União | Radioagência Nacional,fato
Empresas inadimplentes não serão excluídas do Simples em 2020,fato
Patrocinador de evento cultural pode pedir dedução de doação no IRPF,fato
Contribuintes do Simples e MEIs podem parcelar débitos com a Receita,fato
Empresas do Simples terão de inscrever empregado no eSocial,fato
Receita disponibiliza aplicativo para parcelamento de débito do Simples Nacional,fato
"Prazo para pagar Darf, Simples e Previdência acaba hoje",fato
Receita Federal acelera importação de mercadorias do Paraguai via terrestre,fato
Lula sanciona lei que devolverá impostos de pequenos exportadores,fato
Mais de 723 mil empresas pedem para entrar no Simples Nacional,fato
Governo veta renegociação de dívidas de MEIs e de pequenas empresas,fato
Hoje é o último dia para MEIs regularizarem suas dívidas com o Simples,fato
Adesão a parcelamento do Simples Nacional vai até 29 de abril,fato
Governo cria Empresômetro para ajudar micro e pequenas empresas,fato
Simples Nacional: empresas afetadas por crise podem parcelar dívidas,fato
Micro e pequenas empresas têm até hoje para aderir ao Simples,fato
Mais de 650 mil empresas aderem ao Simples em 2024,fato
Confira pagamentos e tributos adiados ou suspensos durante pandemia,fato
Entenda como fica o IOF após decisão de ministro do STF,fato
Governo reabre programa de renegociação de dívidas com a União,fato
Entenda como fica o IOF após derrubada de decreto,fato
"Dilma diz que ""não acha necessária"" a autonomia do Banco Central",fato
Governo reinstala Conselho Nacional de Economia Solidária,fato
Migração de empregadores para eSocial só terminará em 2023,fato
Receita lança painel com dados sobre benefícios fiscais a empresas,fato
Empresas poderão renegociar dívidas com o Fisco com 70% de desconto,fato
Saiba mais sobre programa que oferece crédito para pequenos negócios,fato
Devedores impactados pela pandemia podem renegociar dívida com a União,fato
Bolsonaro apela para que caminhoneiros não façam greve,fato
"Governo padroniza alíquotas do IOF para arrecadar R$ 20,5 bilhões",fato
Câmara aprova medidas de apoio financeiro para vítimas da chuva em MG,fato
Receita passa a permitir quitação de débitos com cartão de crédito,fato
Receita e PF deflagram operação contra crimes tributários,fato
"Arrecadação federal bate recorde e soma R$ 325,7 bilhões em janeiro",fato
Multas a empresas que descumprirem reforma tributária começam em 2027,fato
Câmara deve votar na próxima semana projeto sobre créditos tributários,fato
Microempreendedor poderá parcelar débitos com a Receita em 120 prestações,fato
Desenrola Pequenos Negócios: renegociação de dívidas termina amanhã,fato
LEIAME — Receita Federal,fato
Validação do Comprovante de Arrecadação — Receita Federal,fato
DCTFWeb Manual de Orientação da DCTFWeb,fato
Manuais — Receita Federal,fato
Consultar procedimentos fiscais — Receita Federal,fato
Modelos de Documentos — Receita Federal,fato
